{"accuracy": [0.5018656849861145, 0.5102611780166626, 0.5555037260055542, 0.60447758436203, 0.6315298676490784, 0.6711753606796265, 0.7010261416435242, 0.72947758436203, 0.7416045069694519, 0.7560634613037109, 0.7719216346740723, 0.7868469953536987, 0.7929104566574097, 0.8097015023231506, 0.8213619589805603, 0.8320895433425903, 0.8423507213592529, 0.84375, 0.8586753606796265, 0.8694030046463013, 0.8666045069694519, 0.8782649040222168, 0.8815298676490784, 0.8805969953536987, 0.891791045665741, 0.8843283653259277, 0.8889925479888916, 0.9090484976768494, 0.9048507213592529, 0.8987873196601868], "loss": [0.7342672348022461, 0.7069594264030457, 0.6984691023826599, 0.6779780983924866, 0.6630337238311768, 0.6379517912864685, 0.5848681330680847, 0.5492674112319946, 0.515625, 0.488983154296875, 0.49005913734436035, 0.45835331082344055, 0.43048617243766785, 0.39174583554267883, 0.40380382537841797, 0.37689030170440674, 0.3455202281475067, 0.34071698784828186, 0.32256847620010376, 0.28496065735816956, 0.31799376010894775, 0.2876575291156769, 0.27239543199539185, 0.27961352467536926, 0.25526171922683716, 0.27352234721183777, 0.27414482831954956, 0.22531211376190186, 0.24694205820560455, 0.2203044593334198], "val_accuracy": [0.5130434632301331, 0.6086956262588501, 0.573913037776947, 0.5869565010070801, 0.593478262424469, 0.6086956262588501, 0.647826075553894, 0.667391300201416, 0.6847826242446899, 0.678260862827301, 0.7021738886833191, 0.689130425453186, 0.689130425453186, 0.686956524848938, 0.6934782862663269, 0.7130434513092041, 0.719565212726593, 0.7347826361656189, 0.7152174115180969, 0.739130437374115, 0.7260869741439819, 0.75, 0.7543478012084961, 0.747826099395752, 0.747826099395752, 0.7347826361656189, 0.747826099395752, 0.7565217614173889, 0.7326086759567261, 0.730434775352478], "val_loss": [0.708574116230011, 0.6996605396270752, 0.6982095241546631, 0.695206344127655, 0.677470862865448, 0.661361813545227, 0.6480063199996948, 0.6305579543113708, 0.7772667407989502, 1.2959398031234741, 1.1384638547897339, 1.1374207735061646, 1.3264645338058472, 1.3601161241531372, 1.097159504890442, 1.309946060180664, 1.0751453638076782, 1.3980563879013062, 1.849346399307251, 3.168041229248047, 2.5494446754455566, 1.8089075088500977, 2.047114372253418, 1.5201658010482788, 1.946500301361084, 1.5259796380996704, 1.611991047859192, 1.9175740480422974, 1.280656337738037, 1.642628788948059], "val_tss": [0.0, 0.22026331719128328, 0.14792675544794193, 0.17493946731234872, 0.18810532687651332, 0.21980932203389836, 0.29494552058111384, 0.3380750605326877, 0.3728813559322034, 0.3558565375302664, 0.4029207021791767, 0.37772397094430993, 0.37454600484261497, 0.3723516949152542, 0.3884685230024213, 0.42592312348668276, 0.44340193704600483, 0.47147397094431, 0.4260744552058111, 0.475635593220339, 0.44612590799031476, 0.4981840193704601, 0.506885593220339, 0.4939467312348669, 0.49326573849878935, 0.46784200968523, 0.4939467312348669, 0.5104418886198547, 0.4658746973365617, 0.45891343825665853]}