{"accuracy": [0.493470162153244, 0.5219216346740723, 0.5186567306518555, 0.5125932693481445, 0.5116604566574097, 0.5438432693481445], "loss": [0.7282421588897705, 0.7059699892997742, 0.7060549855232239, 0.6998593211174011, 0.6980453729629517, 0.6955631971359253], "val_accuracy": [0.582608699798584, 0.47826087474823, 0.502173900604248, 0.5043478012084961, 0.49347826838493347, 0.571739137172699], "val_loss": [0.7083742618560791, 0.7054661512374878, 0.702416718006134, 0.7062473893165588, 0.7004367709159851, 0.6948809027671814], "val_tss": [0.15443401937046008, -0.03851392251815977, 0.019446125907990303, 0.020505447941888633, -0.0006809927360774681, 0.1495914043583535]}