{"accuracy": [0.4916044771671295, 0.48833954334259033, 0.4986007511615753, 0.5079290866851807, 0.5279850959777832, 0.5219216346740723, 0.5368469953536987, 0.4962686598300934, 0.5256530046463013, 0.4860074520111084, 0.49953359365463257], "loss": [0.7205265164375305, 0.7039393186569214, 0.6992784738540649, 0.6970964074134827, 0.6958966851234436, 0.6954067945480347, 0.6927198171615601, 0.6945311427116394, 0.6933739185333252, 0.6948404908180237, 0.693899929523468], "val_accuracy": [0.5130434632301331, 0.5130434632301331, 0.5130434632301331, 0.5130434632301331, 0.5130434632301331, 0.5760869383811951, 0.5130434632301331, 0.5130434632301331, 0.5130434632301331, 0.5130434632301331, 0.5130434632301331], "val_loss": [0.7054996490478516, 0.7006029486656189, 0.69801265001297, 0.6963874101638794, 0.6948809623718262, 0.6932470798492432, 0.6942983865737915, 0.6936585307121277, 0.6937078833580017, 0.6936176419258118, 0.6934833526611328], "val_tss": [0.0, 0.0, 0.0, 0.0, 0.0, 0.14126815980629548, 0.0, 0.0, 0.0, 0.0, 0.0]}