{"accuracy": [0.49906715750694275, 0.5839552283287048, 0.60447758436203, 0.6236007213592529, 0.6688432693481445, 0.6898320913314819, 0.7103545069694519, 0.7271454930305481, 0.7593283653259277, 0.7733209133148193, 0.7863805890083313, 0.7971082329750061, 0.8106343150138855, 0.8222947716712952, 0.8246268630027771, 0.8381530046463013, 0.8423507213592529, 0.8540111780166626, 0.8498134613037109, 0.8726679086685181, 0.8773320913314819, 0.8810634613037109, 0.8773320913314819, 0.8922574520111084, 0.889458954334259, 0.8936567306518555, 0.9001865386962891, 0.9104477763175964, 0.9085820913314819, 0.9123134613037109], "loss": [0.7241585850715637, 0.6904810070991516, 0.66337651014328, 0.6529998183250427, 0.6173960566520691, 0.5814259648323059, 0.5712295770645142, 0.538628339767456, 0.5057244300842285, 0.48085716366767883, 0.45822250843048096, 0.4232628345489502, 0.41954344511032104, 0.37682995200157166, 0.3724342882633209, 0.3584906756877899, 0.33540093898773193, 0.31138327717781067, 0.3462669849395752, 0.2814260423183441, 0.28035876154899597, 0.28252679109573364, 0.2905280888080597, 0.2507255971431732, 0.2579820454120636, 0.245243102312088, 0.23385277390480042, 0.21904632449150085, 0.22640682756900787, 0.22612525522708893], "val_accuracy": [0.5173913240432739, 0.6000000238418579, 0.604347825050354, 0.656521737575531, 0.613043487071991, 0.643478274345398, 0.6173912882804871, 0.686956524848938, 0.7021738886833191, 0.719565212726593, 0.719565212726593, 0.719565212726593, 0.708695650100708, 0.7239130139350891, 0.717391312122345, 0.710869550704956, 0.717391312122345, 0.7217391133308411, 0.7326086759567261, 0.7347826361656189, 0.7326086759567261, 0.7347826361656189, 0.719565212726593, 0.7347826361656189, 0.7326086759567261, 0.7456521987915039, 0.7434782385826111, 0.7326086759567261, 0.7456521987915039, 0.730434775352478], "val_loss": [0.709378182888031, 0.667523205280304, 0.6586707234382629, 0.6594838500022888, 0.6552435159683228, 0.6725987792015076, 0.7203348278999329, 0.8504015803337097, 0.8587906956672668, 0.790154755115509, 0.7561880350112915, 0.7647078037261963, 0.7910083532333374, 1.2503204345703125, 0.7149739265441895, 0.9391929507255554, 1.3105957508087158, 1.7093913555145264, 1.3566052913665771, 1.8589943647384644, 1.8950169086456299, 1.600785493850708, 1.2047090530395508, 1.4993091821670532, 1.5065455436706543, 1.5173823833465576, 1.6366596221923828, 1.927221655845642, 1.4951924085617065, 1.9231412410736084], "val_tss": [0.011198547215496402, 0.2074001210653753, 0.21610169491525422, 0.3091707021791767, 0.23940677966101692, 0.2944158595641646, 0.24947033898305082, 0.3718976997578692, 0.4033746973365617, 0.44090496368038734, 0.44090496368038734, 0.43999697336561744, 0.41903753026634377, 0.44733656174334147, 0.4350786924939467, 0.42055084745762716, 0.43712167070217917, 0.4412832929782082, 0.4636047215496368, 0.4669340193704601, 0.4649667070217918, 0.4707929782082324, 0.43795399515738503, 0.46829600484261497, 0.46019975786924944, 0.4883474576271186, 0.4859261501210653, 0.4654207021791767, 0.4903904358353511, 0.4582324455205811]}